{
  "project_info": {
    "project_number": "357590361737",
    "project_id": "mymedicontrol",
    "storage_bucket": "mymedicontrol.firebasestorage.app"
  },
  "client": [
    {
      "client_info": {
        "mobilesdk_app_id": "1:357590361737:android:9753c75eddd0438f840858",
        "android_client_info": {
          "package_name": "com.example.mymedicontrol"
        }
      },
      "oauth_client": [],
      "api_key": [
        {
          "current_key": "AIzaSyB7sZrEYBoWQu_QPMVr4VOzknhEVxGUyC8"
        }
      ],
      "services": {
        "appinvite_service": {
          "other_platform_oauth_client": []
        }
      }
    }
  ],
  "configuration_version": "1"
}